AgeGroup,AvgLikes,AvgRetweets
Adult,84.61538461538461,23.923076923076923
Senior,75.0,24.466666666666665
Teen,69.54166666666667,24.23611111111111
