Sentiment,AvgLikes,AvgRetweets
Negative,73.42857142857143,25.02857142857143
Neutral,79.79310344827586,26.24137931034483
Positive,65.22222222222223,21.833333333333332
